{"cameraMode":{"drawMode":0,"name":"Shaded","section":"Shading Mode"},"sceneLighting":false,"audioPlay":false,"sceneViewState":{"showFog":true,"showMaterialUpdate":false,"showSkybox":true,"showFlares":true,"showImageEffects":true,"showParticleSystems":true},"in2DMode":false,"pivot":{"x":-0.14534027874469758,"y":-0.19070087373256684,"z":10.856060981750489},"rotation":{"x":-0.01680864579975605,"y":-0.003902607364580035,"z":0.00006567333184648305,"w":-0.9998511672019959},"size":14.112812995910645,"orthographic":false}