{"cameraMode":{"drawMode":0,"name":"Shaded","section":"Shading Mode"},"sceneLighting":false,"audioPlay":false,"sceneViewState":{"showFog":true,"showMaterialUpdate":false,"showSkybox":true,"showFlares":true,"showImageEffects":true,"showParticleSystems":true},"in2DMode":false,"pivot":{"x":1.4734289646148682,"y":-2.0985474586486818,"z":10.75636100769043},"rotation":{"x":-0.01680864579975605,"y":-0.003902607364580035,"z":0.00006567333184648305,"w":-0.9998511672019959},"size":5.778996467590332,"orthographic":false}