{"cameraMode":{"drawMode":0,"name":"Shaded","section":"Shading Mode"},"sceneLighting":false,"audioPlay":false,"sceneViewState":{"showFog":true,"showMaterialUpdate":false,"showSkybox":false,"showFlares":true,"showImageEffects":true,"showParticleSystems":true},"in2DMode":false,"pivot":{"x":-0.0729999989271164,"y":-0.2930000126361847,"z":5.800000190734863},"rotation":{"x":-0.01680864579975605,"y":-0.003902607364580035,"z":0.00006567333184648305,"w":-0.9998511672019959},"size":0.5715769529342651,"orthographic":false}